INSERT INTO Pista (nome, nazione, citta, lunghezza, num_posti) VALUES 
    ('Bahrain International Circuit', 'Bahrain', 'Sakhir', 5412, 70000),
    ('Jeddah Corniche Circuit', 'Arabia Saudita', 'Jeddah', 6174, NULL),
    ('Melbourne Grand Prix Circuit', 'Australia', 'Melbourne', 5278, 125000),
    ('Autodromo Enzo e Dino Ferrari', 'Italia', 'Imola', 4909, 78000),
    ('Miami International Autodrome', 'Stati Uniti', 'Miami', 5412, 65000),
    ('Circuit de Barcelona-Catalunya', 'Spagna', 'Montmeló', 4675, 140700),
    ('Circuit de Monaco', 'Monaco', 'Monaco', 3337, 37000),
    ('Baku Street Circuit', 'Azerbaijan', 'Baku', 6003, 18500),
    ('Circuit Gilles-Villeneuve', 'Canada', 'Montreal', 4361, 100000),
    ('Silverstone Circuit', 'Regno Unito', 'Silverstone', 5891, 150000),
    ('Red Bull Ring', 'Austria', 'Spielberg', 4318, 105000),
    ('Circuit Paul Ricard', 'Francia', 'Le Castellet', 5842, 90000),
    ('Hungaroring', 'Ungheria', 'Mogyoród', 4381, 70000),
    ('Circuit de Spa-Francorchamps', 'Belgio', 'Stavelot', 7004, 70000),
    ('Circuit Zandvoort', 'Olanda', 'Zandvoort', 4259, 105000),
    ('Autodromo Nazionale Monza', 'Italia', 'Monza', 5793, 118865),
    ('Marina Bay Street Circuit', 'Singapore', 'Singapore', 5063, 90000),
    ('Suzuka International Racing Course', 'Giappone', 'Suzuka', 5807, 155000),
    ('Circuit of The Americas', 'Stati Uniti', 'Austin', 5513, 150000),
    ('Autódromo Hermanos Rodríguez', 'Messico', 'Città del Messico', 4304, 110000),
    ('Autódromo José Carlos Pace', 'Brasile', 'Interlagos', 4309, 60000),
    ('Yas Marina Circuit', 'Emirati Arabi Uniti', 'Abu Dhabi', 5281, 60000);

INSERT INTO Pilota (codice_fiscale, nome, cognome, data_nascita, luogo_nascita) VALUES
    ('RSSGRG98B15Z114G', 'George', 'Russell', '1998-02-15', 'King''s Lynn'),
    ('HMLLWS85A07Z114F', 'Lewis', 'Hamilton', '1985-01-07', 'Stevenage'),
    ('VRSMXA97P30Z126X', 'Max', 'Verstappen', '1997-09-30', 'Hasselt'),
    ('PRZSRG90A26Z514G', 'Sergio', 'Pérez', '1990-01-26', 'Guadalajara'),
    ('LCLCRL97R16Z123N', 'Charles', 'Leclerc', '1997-10-16', 'Monaco'),
    ('SNZCLS94P01Z131Y', 'Carlos', 'Sainz', '1994-09-01', 'Madrid'),
    ('RCCDNL89L01Z700U', 'Daniel', 'Ricciardo', '1989-07-01', 'Perth'),
    ('NRRLND99S13Z114I', 'Lando', 'Norris', '1999-11-13', 'Bristol'),
    ('LNSFNN81L29Z131M', 'Fernando', 'Alonso', '1981-07-29', 'Oviedo'),
    ('CNOSBN96P17Z110F', 'Esteban', 'Ocon', '1996-09-17', 'Évreux'),
    ('GSLPRR96B07Z110S', 'Pierre', 'Gasly', '1996-02-07', 'Rouen'),
    ('TSNYKU00E11Z219F', 'Yuki', 'Tsunoda', '2000-05-11', 'Sagamihara'),
    ('STRLNC98R29Z401K', 'Lance', 'Stroll', '1998-10-29', 'Montréal'),
    ('VTTSST87L03Z110A', 'Sebastian', 'Vettel', '1987-07-03', 'Heppenheim'),
    ('LBNLND96C23Z241E', 'Alexander', 'Albon', '1996-03-23', 'Londra'),
    ('LTFNHL95H29Z401V', 'Nicholas', 'Latifi', '1995-06-29', 'Montréal'),
    ('BTTVTT89M28Z109S', 'Valtteri', 'Bottas', '1989-08-28', 'Nastola'),
    ('ZHOGNY99E30Z210K', 'Zhou', 'Guanyu', '1999-05-30', 'Shanghai'),
    ('MGNKVN92R05Z107H', 'Kevin', 'Magnussen', '1992-10-05', 'Roskilde'),
    ('SCHMCK99C22Z110X', 'Mick', 'Schumacher', '1999-03-22', 'Vufflens-le-Château');

INSERT INTO Scuderia (ragione_sociale, colore, nazione, anno_fondazione) VALUES
    ('Ferrari', 'Rosso', 'Italia', 1929),
    ('Red Bull', 'Blu', 'Austria', 2005),
    ('Mercedes', 'Argento', 'Germania', 2010),
    ('McLaren', 'Arancione', 'Regno Unito', 1963),
    ('Alpine', 'Blu', 'Francia', 1977),
    ('AlphaTauri', 'Blu scuro', 'Italia', 2006),
    ('Aston Martin', 'Verde', 'Regno Unito', 2019),
    ('Williams', 'Blu', 'Regno Unito', 1977),
    ('Alfa Romeo', 'Rosso scuro', 'Svizzera', 1970),
    ('Haas', 'Bianco', 'Stati Uniti', 2015);

INSERT INTO Meccanico (codice_fiscale, nome, cognome, data_nascita, luogo_nascita, ruolo, scuderia) VALUES 
    ('447-09-1101', 'Kendra', 'Beard', '1958-02-15', 'Boynton', 'Capo strategista', 'Ferrari'),
    ('107-12-3042', 'Kimberly', 'Dillon', '1981-09-04', 'New York', 'Meccanico', 'Red Bull'),
    ('606-29-2134', 'Jeanne', 'Allen', '1979-04-27', 'San Diego', 'Meccanico', 'Ferrari'),
    ('253-47-3122', 'Clara', 'Carlisle', '1968-12-08', 'Atlanta', 'Meccanico', 'Mercedes'),
    ('253-47-3123', 'Clarissa', 'Carlisle', '1968-12-08', 'Atlanta', 'Meccanico', 'Mercedes');

INSERT INTO Supervisore (codice_fiscale, nome, cognome, data_nascita, luogo_nascita) VALUES 
    ('290-42-0000', 'Regina', 'Foster', '1977-02-06', 'Westerville'),
    ('419-54-0000', 'Vincent', 'Kennedy', '1939-08-10', 'Gantt'),
    ('639-94-0000', 'Gilberto', 'Maddux', '1966-11-26', 'Keller'),
    ('158-16-0000', 'Tammy', 'Bailey', '1945-06-31', 'West Orange');

INSERT INTO Veicolo (id, nome, potenza, max_velocita) VALUES 
    (0, 'W13 E Performance', 1000, 320),
    (1, 'W13 E Performance', 1000, 320),
    (2, 'RB18', 1040, 330),
    (3, 'RB18', 1040, 330),
    (4, 'F1-75', 1035, 324),
    (5, 'F1-75', 1035, 324),
    (6, 'MCL36', 1000, 321),
    (7, 'MCL36', 1000, 321),
    (8, 'A522', 980, 318),    
    (9, 'A522', 980, 318),
    (10, 'AT03', 960, 318),    
    (11, 'AT03', 960, 318),
    (12, 'AMR22', 960, 318),    
    (13, 'AMR22', 960, 318),
    (14, 'FW44', 1000, 320),    
    (15, 'FW44', 1000, 320),
    (16, 'C42', 1000, 320),    
    (17, 'C42', 1000, 320),
    (18, 'VF-22', 1020, 322),   
    (19, 'VF-22', 1020, 322);

INSERT INTO Controllo (veicolo, data_ora, esito, supervisore) VALUES 
    (0, '2023-03-03 15:33:33', 'Positivo', '419-54-0000');

INSERT INTO Sponsor (ragione_sociale, tipologia, nazione) VALUES 
    ('Coca Cola', 'Alimentare', 'Stati Uniti'),
    ('Pirelli', 'Pneumatici', 'Italia'),
    ('Acer', 'Informatica', 'Taiwan'),
    ('Save the Children', 'ONG', 'Regno Unito'),
    ('Rolex', 'Orologeria', 'Svizzera'),
    ('Nike', 'Abbigliamento', 'Stati Uniti');

INSERT INTO Gara (nome, data_ora, num_giri, sponsor, pista) VALUES 
    ('Bahrain Grand Prix', '2022-03-20 18:00:00', 5, 'Rolex', 'Bahrain International Circuit'),
    ('Saudi Arabian Grand Prix', '2022-03-27 20:00:00', 5, NULL, 'Jeddah Corniche Circuit'),
    ('Australian Grand Prix', '2022-04-10 15:00:00', 5, 'Coca Cola', 'Melbourne Grand Prix Circuit'),
    ('Gran Premio del Made in Italy', '2022-04-24 15:00:00', 5, NULL, 'Autodromo Enzo e Dino Ferrari'),
    ('Miami Grand Prix', '2022-05-08 15:30:00', 5, 'Acer', 'Miami International Autodrome'),
    ('Gran Premio de España', '2022-05-22 15:00:00', 5, 'Pirelli', 'Circuit de Barcelona-Catalunya'),
    ('Grand Prix de Monaco', '2022-05-29 15:00:00', 5, NULL, 'Circuit de Monaco'),
    ('Azerbaijan Grand Prix', '2022-06-12 15:00:00', 5, NULL, 'Baku Street Circuit'),
    ('Grand Prix du Canada', '2022-06-19 14:00:00', 5, 'Save the Children', 'Circuit Gilles-Villeneuve'),
    ('British Grand Prix', '2022-07-03 15:00:00', 5, 'Acer', 'Silverstone Circuit'),
    ('Grosser Preis von Österreich', '2022-07-10 15:00:00', 5, 'Rolex', 'Red Bull Ring'),
    ('Grand Prix de France', '2022-07-24 15:00:00', 5, 'Acer', 'Circuit Paul Ricard'),
    ('Magyar Nagydíj', '2022-07-31 15:00:00', 5, 'Nike', 'Hungaroring'),
    ('Belgian Grand Prix', '2022-08-28 15:00:00', 5, 'Rolex', 'Circuit de Spa-Francorchamps'),
    ('Dutch Grand Prix', '2022-09-04 15:00:00', 5, 'Coca Cola', 'Circuit Zandvoort'),
    ('Gran Premio d''Italia', '2022-09-11 15:00:00', 5, 'Rolex', 'Autodromo Nazionale Monza'),
    ('Singapore Grand Prix', '2022-10-02 20:00:00', 5, 'Nike', 'Marina Bay Street Circuit'),
    ('Japanese Grand Prix', '2022-10-09 14:00:00', 5, 'Save the Children', 'Suzuka International Racing Course'),
    ('United States Grand Prix', '2022-10-23 14:00:00', 5, 'Acer', 'Circuit of The Americas'),
    ('Gran Premio de la Ciudad de México', '2022-10-30 14:00:00', 5, 'Coca Cola', 'Autódromo Hermanos Rodríguez'),
    ('Grande Prêmio de São Paulo', '2022-11-13 15:00:00', 5, 'Coca Cola', 'Autódromo José Carlos Pace'),
    ('Abu Dhabi Grand Prix', '2022-11-20 17:00:00', 5, 'Nike', 'Yas Marina Circuit');

INSERT INTO Partecipa (gara, pilota) VALUES 
    ('Bahrain Grand Prix', 'RSSGRG98B15Z114G'),
    ('Bahrain Grand Prix', 'HMLLWS85A07Z114F'),
    ('Bahrain Grand Prix', 'VRSMXA97P30Z126X'),
    ('Bahrain Grand Prix', 'PRZSRG90A26Z514G'),
    ('Bahrain Grand Prix', 'LCLCRL97R16Z123N'),
    ('Bahrain Grand Prix', 'SNZCLS94P01Z131Y'),
    ('Bahrain Grand Prix', 'RCCDNL89L01Z700U'),
    ('Bahrain Grand Prix', 'NRRLND99S13Z114I'),
    ('Bahrain Grand Prix', 'LNSFNN81L29Z131M'),
    ('Bahrain Grand Prix', 'CNOSBN96P17Z110F'),
    ('Bahrain Grand Prix', 'GSLPRR96B07Z110S'),
    ('Bahrain Grand Prix', 'TSNYKU00E11Z219F'),
    ('Bahrain Grand Prix', 'STRLNC98R29Z401K'),
    ('Bahrain Grand Prix', 'VTTSST87L03Z110A'),
    ('Bahrain Grand Prix', 'LBNLND96C23Z241E'),
    ('Bahrain Grand Prix', 'LTFNHL95H29Z401V'),
    ('Bahrain Grand Prix', 'BTTVTT89M28Z109S'),
    ('Bahrain Grand Prix', 'ZHOGNY99E30Z210K'),
    ('Bahrain Grand Prix', 'MGNKVN92R05Z107H'),
    ('Bahrain Grand Prix', 'SCHMCK99C22Z110X'),
    ('Saudi Arabian Grand Prix', 'RSSGRG98B15Z114G'),
    ('Saudi Arabian Grand Prix', 'HMLLWS85A07Z114F'),
    ('Saudi Arabian Grand Prix', 'VRSMXA97P30Z126X'),
    ('Saudi Arabian Grand Prix', 'PRZSRG90A26Z514G'),
    ('Saudi Arabian Grand Prix', 'LCLCRL97R16Z123N'),
    ('Saudi Arabian Grand Prix', 'SNZCLS94P01Z131Y'),
    ('Saudi Arabian Grand Prix', 'RCCDNL89L01Z700U'),
    ('Saudi Arabian Grand Prix', 'NRRLND99S13Z114I'),
    ('Saudi Arabian Grand Prix', 'LNSFNN81L29Z131M'),
    ('Saudi Arabian Grand Prix', 'CNOSBN96P17Z110F'),
    ('Saudi Arabian Grand Prix', 'GSLPRR96B07Z110S'),
    ('Saudi Arabian Grand Prix', 'TSNYKU00E11Z219F'),
    ('Saudi Arabian Grand Prix', 'STRLNC98R29Z401K'),
    ('Saudi Arabian Grand Prix', 'VTTSST87L03Z110A'),
    ('Saudi Arabian Grand Prix', 'LBNLND96C23Z241E'),
    ('Saudi Arabian Grand Prix', 'LTFNHL95H29Z401V'),
    ('Saudi Arabian Grand Prix', 'BTTVTT89M28Z109S'),
    ('Saudi Arabian Grand Prix', 'ZHOGNY99E30Z210K'),
    ('Saudi Arabian Grand Prix', 'MGNKVN92R05Z107H'),
    ('Saudi Arabian Grand Prix', 'SCHMCK99C22Z110X'),
    ('Australian Grand Prix', 'RSSGRG98B15Z114G'),
    ('Australian Grand Prix', 'HMLLWS85A07Z114F'),
    ('Australian Grand Prix', 'VRSMXA97P30Z126X'),
    ('Australian Grand Prix', 'PRZSRG90A26Z514G'),
    ('Australian Grand Prix', 'LCLCRL97R16Z123N'),
    ('Australian Grand Prix', 'SNZCLS94P01Z131Y'),
    ('Australian Grand Prix', 'RCCDNL89L01Z700U'),
    ('Australian Grand Prix', 'NRRLND99S13Z114I'),
    ('Australian Grand Prix', 'LNSFNN81L29Z131M'),
    ('Australian Grand Prix', 'CNOSBN96P17Z110F'),
    ('Australian Grand Prix', 'GSLPRR96B07Z110S'),
    ('Australian Grand Prix', 'TSNYKU00E11Z219F'),
    ('Australian Grand Prix', 'STRLNC98R29Z401K'),
    ('Australian Grand Prix', 'VTTSST87L03Z110A'),
    ('Australian Grand Prix', 'LBNLND96C23Z241E'),
    ('Australian Grand Prix', 'LTFNHL95H29Z401V'),
    ('Australian Grand Prix', 'BTTVTT89M28Z109S'),
    ('Australian Grand Prix', 'ZHOGNY99E30Z210K'),
    ('Australian Grand Prix', 'MGNKVN92R05Z107H'),
    ('Australian Grand Prix', 'SCHMCK99C22Z110X'),
    ('Gran Premio del Made in Italy', 'RSSGRG98B15Z114G'),
    ('Gran Premio del Made in Italy', 'HMLLWS85A07Z114F'),
    ('Gran Premio del Made in Italy', 'VRSMXA97P30Z126X'),
    ('Gran Premio del Made in Italy', 'PRZSRG90A26Z514G'),
    ('Gran Premio del Made in Italy', 'LCLCRL97R16Z123N'),
    ('Gran Premio del Made in Italy', 'SNZCLS94P01Z131Y'),
    ('Gran Premio del Made in Italy', 'RCCDNL89L01Z700U'),
    ('Gran Premio del Made in Italy', 'NRRLND99S13Z114I'),
    ('Gran Premio del Made in Italy', 'LNSFNN81L29Z131M'),
    ('Gran Premio del Made in Italy', 'CNOSBN96P17Z110F'),
    ('Gran Premio del Made in Italy', 'GSLPRR96B07Z110S'),
    ('Gran Premio del Made in Italy', 'TSNYKU00E11Z219F'),
    ('Gran Premio del Made in Italy', 'STRLNC98R29Z401K'),
    ('Gran Premio del Made in Italy', 'VTTSST87L03Z110A'),
    ('Gran Premio del Made in Italy', 'LBNLND96C23Z241E'),
    ('Gran Premio del Made in Italy', 'LTFNHL95H29Z401V'),
    ('Gran Premio del Made in Italy', 'BTTVTT89M28Z109S'),
    ('Gran Premio del Made in Italy', 'ZHOGNY99E30Z210K'),
    ('Gran Premio del Made in Italy', 'MGNKVN92R05Z107H'),
    ('Gran Premio del Made in Italy', 'SCHMCK99C22Z110X'),
    ('Miami Grand Prix', 'RSSGRG98B15Z114G'),
    ('Miami Grand Prix', 'HMLLWS85A07Z114F'),
    ('Miami Grand Prix', 'VRSMXA97P30Z126X'),
    ('Miami Grand Prix', 'PRZSRG90A26Z514G'),
    ('Miami Grand Prix', 'LCLCRL97R16Z123N'),
    ('Miami Grand Prix', 'SNZCLS94P01Z131Y'),
    ('Miami Grand Prix', 'RCCDNL89L01Z700U'),
    ('Miami Grand Prix', 'NRRLND99S13Z114I'),
    ('Miami Grand Prix', 'LNSFNN81L29Z131M'),
    ('Miami Grand Prix', 'CNOSBN96P17Z110F'),
    ('Miami Grand Prix', 'GSLPRR96B07Z110S'),
    ('Miami Grand Prix', 'TSNYKU00E11Z219F'),
    ('Miami Grand Prix', 'STRLNC98R29Z401K'),
    ('Miami Grand Prix', 'VTTSST87L03Z110A'),
    ('Miami Grand Prix', 'LBNLND96C23Z241E'),
    ('Miami Grand Prix', 'LTFNHL95H29Z401V'),
    ('Miami Grand Prix', 'BTTVTT89M28Z109S'),
    ('Miami Grand Prix', 'ZHOGNY99E30Z210K'),
    ('Miami Grand Prix', 'MGNKVN92R05Z107H'),
    ('Miami Grand Prix', 'SCHMCK99C22Z110X'),
    ('Gran Premio de España', 'RSSGRG98B15Z114G'),
    ('Gran Premio de España', 'HMLLWS85A07Z114F'),
    ('Gran Premio de España', 'VRSMXA97P30Z126X'),
    ('Gran Premio de España', 'PRZSRG90A26Z514G'),
    ('Gran Premio de España', 'LCLCRL97R16Z123N'),
    ('Gran Premio de España', 'SNZCLS94P01Z131Y'),
    ('Gran Premio de España', 'RCCDNL89L01Z700U'),
    ('Gran Premio de España', 'NRRLND99S13Z114I'),
    ('Gran Premio de España', 'LNSFNN81L29Z131M'),
    ('Gran Premio de España', 'CNOSBN96P17Z110F'),
    ('Gran Premio de España', 'GSLPRR96B07Z110S'),
    ('Gran Premio de España', 'TSNYKU00E11Z219F'),
    ('Gran Premio de España', 'STRLNC98R29Z401K'),
    ('Gran Premio de España', 'VTTSST87L03Z110A'),
    ('Gran Premio de España', 'LBNLND96C23Z241E'),
    ('Gran Premio de España', 'LTFNHL95H29Z401V'),
    ('Gran Premio de España', 'BTTVTT89M28Z109S'),
    ('Gran Premio de España', 'ZHOGNY99E30Z210K'),
    ('Gran Premio de España', 'MGNKVN92R05Z107H'),
    ('Gran Premio de España', 'SCHMCK99C22Z110X'),
    ('Grand Prix de Monaco', 'RSSGRG98B15Z114G'),
    ('Grand Prix de Monaco', 'HMLLWS85A07Z114F'),
    ('Grand Prix de Monaco', 'VRSMXA97P30Z126X'),
    ('Grand Prix de Monaco', 'PRZSRG90A26Z514G'),
    ('Grand Prix de Monaco', 'LCLCRL97R16Z123N'),
    ('Grand Prix de Monaco', 'SNZCLS94P01Z131Y'),
    ('Grand Prix de Monaco', 'RCCDNL89L01Z700U'),
    ('Grand Prix de Monaco', 'NRRLND99S13Z114I'),
    ('Grand Prix de Monaco', 'LNSFNN81L29Z131M'),
    ('Grand Prix de Monaco', 'CNOSBN96P17Z110F'),
    ('Grand Prix de Monaco', 'GSLPRR96B07Z110S'),
    ('Grand Prix de Monaco', 'TSNYKU00E11Z219F'),
    ('Grand Prix de Monaco', 'STRLNC98R29Z401K'),
    ('Grand Prix de Monaco', 'VTTSST87L03Z110A'),
    ('Grand Prix de Monaco', 'LBNLND96C23Z241E'),
    ('Grand Prix de Monaco', 'LTFNHL95H29Z401V'),
    ('Grand Prix de Monaco', 'BTTVTT89M28Z109S'),
    ('Grand Prix de Monaco', 'ZHOGNY99E30Z210K'),
    ('Grand Prix de Monaco', 'MGNKVN92R05Z107H'),
    ('Grand Prix de Monaco', 'SCHMCK99C22Z110X'),
    ('Azerbaijan Grand Prix', 'RSSGRG98B15Z114G'),
    ('Azerbaijan Grand Prix', 'HMLLWS85A07Z114F'),
    ('Azerbaijan Grand Prix', 'VRSMXA97P30Z126X'),
    ('Azerbaijan Grand Prix', 'PRZSRG90A26Z514G'),
    ('Azerbaijan Grand Prix', 'LCLCRL97R16Z123N'),
    ('Azerbaijan Grand Prix', 'SNZCLS94P01Z131Y'),
    ('Azerbaijan Grand Prix', 'RCCDNL89L01Z700U'),
    ('Azerbaijan Grand Prix', 'NRRLND99S13Z114I'),
    ('Azerbaijan Grand Prix', 'LNSFNN81L29Z131M'),
    ('Azerbaijan Grand Prix', 'CNOSBN96P17Z110F'),
    ('Azerbaijan Grand Prix', 'GSLPRR96B07Z110S'),
    ('Azerbaijan Grand Prix', 'TSNYKU00E11Z219F'),
    ('Azerbaijan Grand Prix', 'STRLNC98R29Z401K'),
    ('Azerbaijan Grand Prix', 'VTTSST87L03Z110A'),
    ('Azerbaijan Grand Prix', 'LBNLND96C23Z241E'),
    ('Azerbaijan Grand Prix', 'LTFNHL95H29Z401V'),
    ('Azerbaijan Grand Prix', 'BTTVTT89M28Z109S'),
    ('Azerbaijan Grand Prix', 'ZHOGNY99E30Z210K'),
    ('Azerbaijan Grand Prix', 'MGNKVN92R05Z107H'),
    ('Azerbaijan Grand Prix', 'SCHMCK99C22Z110X'),
    ('Grand Prix du Canada', 'RSSGRG98B15Z114G'),
    ('Grand Prix du Canada', 'HMLLWS85A07Z114F'),
    ('Grand Prix du Canada', 'VRSMXA97P30Z126X'),
    ('Grand Prix du Canada', 'PRZSRG90A26Z514G'),
    ('Grand Prix du Canada', 'LCLCRL97R16Z123N'),
    ('Grand Prix du Canada', 'SNZCLS94P01Z131Y'),
    ('Grand Prix du Canada', 'RCCDNL89L01Z700U'),
    ('Grand Prix du Canada', 'NRRLND99S13Z114I'),
    ('Grand Prix du Canada', 'LNSFNN81L29Z131M'),
    ('Grand Prix du Canada', 'CNOSBN96P17Z110F'),
    ('Grand Prix du Canada', 'GSLPRR96B07Z110S'),
    ('Grand Prix du Canada', 'TSNYKU00E11Z219F'),
    ('Grand Prix du Canada', 'STRLNC98R29Z401K'),
    ('Grand Prix du Canada', 'VTTSST87L03Z110A'),
    ('Grand Prix du Canada', 'LBNLND96C23Z241E'),
    ('Grand Prix du Canada', 'LTFNHL95H29Z401V'),
    ('Grand Prix du Canada', 'BTTVTT89M28Z109S'),
    ('Grand Prix du Canada', 'ZHOGNY99E30Z210K'),
    ('Grand Prix du Canada', 'MGNKVN92R05Z107H'),
    ('Grand Prix du Canada', 'SCHMCK99C22Z110X'),
    ('British Grand Prix', 'RSSGRG98B15Z114G'),
    ('British Grand Prix', 'HMLLWS85A07Z114F'),
    ('British Grand Prix', 'VRSMXA97P30Z126X'),
    ('British Grand Prix', 'PRZSRG90A26Z514G'),
    ('British Grand Prix', 'LCLCRL97R16Z123N'),
    ('British Grand Prix', 'SNZCLS94P01Z131Y'),
    ('British Grand Prix', 'RCCDNL89L01Z700U'),
    ('British Grand Prix', 'NRRLND99S13Z114I'),
    ('British Grand Prix', 'LNSFNN81L29Z131M'),
    ('British Grand Prix', 'CNOSBN96P17Z110F'),
    ('British Grand Prix', 'GSLPRR96B07Z110S'),
    ('British Grand Prix', 'TSNYKU00E11Z219F'),
    ('British Grand Prix', 'STRLNC98R29Z401K'),
    ('British Grand Prix', 'VTTSST87L03Z110A'),
    ('British Grand Prix', 'LBNLND96C23Z241E'),
    ('British Grand Prix', 'LTFNHL95H29Z401V'),
    ('British Grand Prix', 'BTTVTT89M28Z109S'),
    ('British Grand Prix', 'ZHOGNY99E30Z210K'),
    ('British Grand Prix', 'MGNKVN92R05Z107H'),
    ('British Grand Prix', 'SCHMCK99C22Z110X'),
    ('Grosser Preis von Österreich', 'RSSGRG98B15Z114G'),
    ('Grosser Preis von Österreich', 'HMLLWS85A07Z114F'),
    ('Grosser Preis von Österreich', 'VRSMXA97P30Z126X'),
    ('Grosser Preis von Österreich', 'PRZSRG90A26Z514G'),
    ('Grosser Preis von Österreich', 'LCLCRL97R16Z123N'),
    ('Grosser Preis von Österreich', 'SNZCLS94P01Z131Y'),
    ('Grosser Preis von Österreich', 'RCCDNL89L01Z700U'),
    ('Grosser Preis von Österreich', 'NRRLND99S13Z114I'),
    ('Grosser Preis von Österreich', 'LNSFNN81L29Z131M'),
    ('Grosser Preis von Österreich', 'CNOSBN96P17Z110F'),
    ('Grosser Preis von Österreich', 'GSLPRR96B07Z110S'),
    ('Grosser Preis von Österreich', 'TSNYKU00E11Z219F'),
    ('Grosser Preis von Österreich', 'STRLNC98R29Z401K'),
    ('Grosser Preis von Österreich', 'VTTSST87L03Z110A'),
    ('Grosser Preis von Österreich', 'LBNLND96C23Z241E'),
    ('Grosser Preis von Österreich', 'LTFNHL95H29Z401V'),
    ('Grosser Preis von Österreich', 'BTTVTT89M28Z109S'),
    ('Grosser Preis von Österreich', 'ZHOGNY99E30Z210K'),
    ('Grosser Preis von Österreich', 'MGNKVN92R05Z107H'),
    ('Grosser Preis von Österreich', 'SCHMCK99C22Z110X'),
    ('Grand Prix de France', 'RSSGRG98B15Z114G'),
    ('Grand Prix de France', 'HMLLWS85A07Z114F'),
    ('Grand Prix de France', 'VRSMXA97P30Z126X'),
    ('Grand Prix de France', 'PRZSRG90A26Z514G'),
    ('Grand Prix de France', 'LCLCRL97R16Z123N'),
    ('Grand Prix de France', 'SNZCLS94P01Z131Y'),
    ('Grand Prix de France', 'RCCDNL89L01Z700U'),
    ('Grand Prix de France', 'NRRLND99S13Z114I'),
    ('Grand Prix de France', 'LNSFNN81L29Z131M'),
    ('Grand Prix de France', 'CNOSBN96P17Z110F'),
    ('Grand Prix de France', 'GSLPRR96B07Z110S'),
    ('Grand Prix de France', 'TSNYKU00E11Z219F'),
    ('Grand Prix de France', 'STRLNC98R29Z401K'),
    ('Grand Prix de France', 'VTTSST87L03Z110A'),
    ('Grand Prix de France', 'LBNLND96C23Z241E'),
    ('Grand Prix de France', 'LTFNHL95H29Z401V'),
    ('Grand Prix de France', 'BTTVTT89M28Z109S'),
    ('Grand Prix de France', 'ZHOGNY99E30Z210K'),
    ('Grand Prix de France', 'MGNKVN92R05Z107H'),
    ('Grand Prix de France', 'SCHMCK99C22Z110X'),
    ('Magyar Nagydíj', 'RSSGRG98B15Z114G'),
    ('Magyar Nagydíj', 'HMLLWS85A07Z114F'),
    ('Magyar Nagydíj', 'VRSMXA97P30Z126X'),
    ('Magyar Nagydíj', 'PRZSRG90A26Z514G'),
    ('Magyar Nagydíj', 'LCLCRL97R16Z123N'),
    ('Magyar Nagydíj', 'SNZCLS94P01Z131Y'),
    ('Magyar Nagydíj', 'RCCDNL89L01Z700U'),
    ('Magyar Nagydíj', 'NRRLND99S13Z114I'),
    ('Magyar Nagydíj', 'LNSFNN81L29Z131M'),
    ('Magyar Nagydíj', 'CNOSBN96P17Z110F'),
    ('Magyar Nagydíj', 'GSLPRR96B07Z110S'),
    ('Magyar Nagydíj', 'TSNYKU00E11Z219F'),
    ('Magyar Nagydíj', 'STRLNC98R29Z401K'),
    ('Magyar Nagydíj', 'VTTSST87L03Z110A'),
    ('Magyar Nagydíj', 'LBNLND96C23Z241E'),
    ('Magyar Nagydíj', 'LTFNHL95H29Z401V'),
    ('Magyar Nagydíj', 'BTTVTT89M28Z109S'),
    ('Magyar Nagydíj', 'ZHOGNY99E30Z210K'),
    ('Magyar Nagydíj', 'MGNKVN92R05Z107H'),
    ('Magyar Nagydíj', 'SCHMCK99C22Z110X'),
    ('Belgian Grand Prix', 'RSSGRG98B15Z114G'),
    ('Belgian Grand Prix', 'HMLLWS85A07Z114F'),
    ('Belgian Grand Prix', 'VRSMXA97P30Z126X'),
    ('Belgian Grand Prix', 'PRZSRG90A26Z514G'),
    ('Belgian Grand Prix', 'LCLCRL97R16Z123N'),
    ('Belgian Grand Prix', 'SNZCLS94P01Z131Y'),
    ('Belgian Grand Prix', 'RCCDNL89L01Z700U'),
    ('Belgian Grand Prix', 'NRRLND99S13Z114I'),
    ('Belgian Grand Prix', 'LNSFNN81L29Z131M'),
    ('Belgian Grand Prix', 'CNOSBN96P17Z110F'),
    ('Belgian Grand Prix', 'GSLPRR96B07Z110S'),
    ('Belgian Grand Prix', 'TSNYKU00E11Z219F'),
    ('Belgian Grand Prix', 'STRLNC98R29Z401K'),
    ('Belgian Grand Prix', 'VTTSST87L03Z110A'),
    ('Belgian Grand Prix', 'LBNLND96C23Z241E'),
    ('Belgian Grand Prix', 'LTFNHL95H29Z401V'),
    ('Belgian Grand Prix', 'BTTVTT89M28Z109S'),
    ('Belgian Grand Prix', 'ZHOGNY99E30Z210K'),
    ('Belgian Grand Prix', 'MGNKVN92R05Z107H'),
    ('Belgian Grand Prix', 'SCHMCK99C22Z110X'),
    ('Dutch Grand Prix', 'RSSGRG98B15Z114G'),
    ('Dutch Grand Prix', 'HMLLWS85A07Z114F'),
    ('Dutch Grand Prix', 'VRSMXA97P30Z126X'),
    ('Dutch Grand Prix', 'PRZSRG90A26Z514G'),
    ('Dutch Grand Prix', 'LCLCRL97R16Z123N'),
    ('Dutch Grand Prix', 'SNZCLS94P01Z131Y'),
    ('Dutch Grand Prix', 'RCCDNL89L01Z700U'),
    ('Dutch Grand Prix', 'NRRLND99S13Z114I'),
    ('Dutch Grand Prix', 'LNSFNN81L29Z131M'),
    ('Dutch Grand Prix', 'CNOSBN96P17Z110F'),
    ('Dutch Grand Prix', 'GSLPRR96B07Z110S'),
    ('Dutch Grand Prix', 'TSNYKU00E11Z219F'),
    ('Dutch Grand Prix', 'STRLNC98R29Z401K'),
    ('Dutch Grand Prix', 'VTTSST87L03Z110A'),
    ('Dutch Grand Prix', 'LBNLND96C23Z241E'),
    ('Dutch Grand Prix', 'LTFNHL95H29Z401V'),
    ('Dutch Grand Prix', 'BTTVTT89M28Z109S'),
    ('Dutch Grand Prix', 'ZHOGNY99E30Z210K'),
    ('Dutch Grand Prix', 'MGNKVN92R05Z107H'),
    ('Dutch Grand Prix', 'SCHMCK99C22Z110X'),
    ('Gran Premio d''Italia', 'RSSGRG98B15Z114G'),
    ('Gran Premio d''Italia', 'HMLLWS85A07Z114F'),
    ('Gran Premio d''Italia', 'VRSMXA97P30Z126X'),
    ('Gran Premio d''Italia', 'PRZSRG90A26Z514G'),
    ('Gran Premio d''Italia', 'LCLCRL97R16Z123N'),
    ('Gran Premio d''Italia', 'SNZCLS94P01Z131Y'),
    ('Gran Premio d''Italia', 'RCCDNL89L01Z700U'),
    ('Gran Premio d''Italia', 'NRRLND99S13Z114I'),
    ('Gran Premio d''Italia', 'LNSFNN81L29Z131M'),
    ('Gran Premio d''Italia', 'CNOSBN96P17Z110F'),
    ('Gran Premio d''Italia', 'GSLPRR96B07Z110S'),
    ('Gran Premio d''Italia', 'TSNYKU00E11Z219F'),
    ('Gran Premio d''Italia', 'STRLNC98R29Z401K'),
    ('Gran Premio d''Italia', 'VTTSST87L03Z110A'),
    ('Gran Premio d''Italia', 'LBNLND96C23Z241E'),
    ('Gran Premio d''Italia', 'LTFNHL95H29Z401V'),
    ('Gran Premio d''Italia', 'BTTVTT89M28Z109S'),
    ('Gran Premio d''Italia', 'ZHOGNY99E30Z210K'),
    ('Gran Premio d''Italia', 'MGNKVN92R05Z107H'),
    ('Gran Premio d''Italia', 'SCHMCK99C22Z110X'),
    ('Singapore Grand Prix', 'RSSGRG98B15Z114G'),
    ('Singapore Grand Prix', 'HMLLWS85A07Z114F'),
    ('Singapore Grand Prix', 'VRSMXA97P30Z126X'),
    ('Singapore Grand Prix', 'PRZSRG90A26Z514G'),
    ('Singapore Grand Prix', 'LCLCRL97R16Z123N'),
    ('Singapore Grand Prix', 'SNZCLS94P01Z131Y'),
    ('Singapore Grand Prix', 'RCCDNL89L01Z700U'),
    ('Singapore Grand Prix', 'NRRLND99S13Z114I'),
    ('Singapore Grand Prix', 'LNSFNN81L29Z131M'),
    ('Singapore Grand Prix', 'CNOSBN96P17Z110F'),
    ('Singapore Grand Prix', 'GSLPRR96B07Z110S'),
    ('Singapore Grand Prix', 'TSNYKU00E11Z219F'),
    ('Singapore Grand Prix', 'STRLNC98R29Z401K'),
    ('Singapore Grand Prix', 'VTTSST87L03Z110A'),
    ('Singapore Grand Prix', 'LBNLND96C23Z241E'),
    ('Singapore Grand Prix', 'LTFNHL95H29Z401V'),
    ('Singapore Grand Prix', 'BTTVTT89M28Z109S'),
    ('Singapore Grand Prix', 'ZHOGNY99E30Z210K'),
    ('Singapore Grand Prix', 'MGNKVN92R05Z107H'),
    ('Singapore Grand Prix', 'SCHMCK99C22Z110X'),
    ('Japanese Grand Prix', 'RSSGRG98B15Z114G'),
    ('Japanese Grand Prix', 'HMLLWS85A07Z114F'),
    ('Japanese Grand Prix', 'VRSMXA97P30Z126X'),
    ('Japanese Grand Prix', 'PRZSRG90A26Z514G'),
    ('Japanese Grand Prix', 'LCLCRL97R16Z123N'),
    ('Japanese Grand Prix', 'SNZCLS94P01Z131Y'),
    ('Japanese Grand Prix', 'RCCDNL89L01Z700U'),
    ('Japanese Grand Prix', 'NRRLND99S13Z114I'),
    ('Japanese Grand Prix', 'LNSFNN81L29Z131M'),
    ('Japanese Grand Prix', 'CNOSBN96P17Z110F'),
    ('Japanese Grand Prix', 'GSLPRR96B07Z110S'),
    ('Japanese Grand Prix', 'TSNYKU00E11Z219F'),
    ('Japanese Grand Prix', 'STRLNC98R29Z401K'),
    ('Japanese Grand Prix', 'VTTSST87L03Z110A'),
    ('Japanese Grand Prix', 'LBNLND96C23Z241E'),
    ('Japanese Grand Prix', 'LTFNHL95H29Z401V'),
    ('Japanese Grand Prix', 'BTTVTT89M28Z109S'),
    ('Japanese Grand Prix', 'ZHOGNY99E30Z210K'),
    ('Japanese Grand Prix', 'MGNKVN92R05Z107H'),
    ('Japanese Grand Prix', 'SCHMCK99C22Z110X'),
    ('United States Grand Prix', 'RSSGRG98B15Z114G'),
    ('United States Grand Prix', 'HMLLWS85A07Z114F'),
    ('United States Grand Prix', 'VRSMXA97P30Z126X'),
    ('United States Grand Prix', 'PRZSRG90A26Z514G'),
    ('United States Grand Prix', 'LCLCRL97R16Z123N'),
    ('United States Grand Prix', 'SNZCLS94P01Z131Y'),
    ('United States Grand Prix', 'RCCDNL89L01Z700U'),
    ('United States Grand Prix', 'NRRLND99S13Z114I'),
    ('United States Grand Prix', 'LNSFNN81L29Z131M'),
    ('United States Grand Prix', 'CNOSBN96P17Z110F'),
    ('United States Grand Prix', 'GSLPRR96B07Z110S'),
    ('United States Grand Prix', 'TSNYKU00E11Z219F'),
    ('United States Grand Prix', 'STRLNC98R29Z401K'),
    ('United States Grand Prix', 'VTTSST87L03Z110A'),
    ('United States Grand Prix', 'LBNLND96C23Z241E'),
    ('United States Grand Prix', 'LTFNHL95H29Z401V'),
    ('United States Grand Prix', 'BTTVTT89M28Z109S'),
    ('United States Grand Prix', 'ZHOGNY99E30Z210K'),
    ('United States Grand Prix', 'MGNKVN92R05Z107H'),
    ('United States Grand Prix', 'SCHMCK99C22Z110X'),
    ('Gran Premio de la Ciudad de México', 'RSSGRG98B15Z114G'),
    ('Gran Premio de la Ciudad de México', 'HMLLWS85A07Z114F'),
    ('Gran Premio de la Ciudad de México', 'VRSMXA97P30Z126X'),
    ('Gran Premio de la Ciudad de México', 'PRZSRG90A26Z514G'),
    ('Gran Premio de la Ciudad de México', 'LCLCRL97R16Z123N'),
    ('Gran Premio de la Ciudad de México', 'SNZCLS94P01Z131Y'),
    ('Gran Premio de la Ciudad de México', 'RCCDNL89L01Z700U'),
    ('Gran Premio de la Ciudad de México', 'NRRLND99S13Z114I'),
    ('Gran Premio de la Ciudad de México', 'LNSFNN81L29Z131M'),
    ('Gran Premio de la Ciudad de México', 'CNOSBN96P17Z110F'),
    ('Gran Premio de la Ciudad de México', 'GSLPRR96B07Z110S'),
    ('Gran Premio de la Ciudad de México', 'TSNYKU00E11Z219F'),
    ('Gran Premio de la Ciudad de México', 'STRLNC98R29Z401K'),
    ('Gran Premio de la Ciudad de México', 'VTTSST87L03Z110A'),
    ('Gran Premio de la Ciudad de México', 'LBNLND96C23Z241E'),
    ('Gran Premio de la Ciudad de México', 'LTFNHL95H29Z401V'),
    ('Gran Premio de la Ciudad de México', 'BTTVTT89M28Z109S'),
    ('Gran Premio de la Ciudad de México', 'ZHOGNY99E30Z210K'),
    ('Gran Premio de la Ciudad de México', 'MGNKVN92R05Z107H'),
    ('Gran Premio de la Ciudad de México', 'SCHMCK99C22Z110X'),
    ('Grande Prêmio de São Paulo', 'RSSGRG98B15Z114G'),
    ('Grande Prêmio de São Paulo', 'HMLLWS85A07Z114F'),
    ('Grande Prêmio de São Paulo', 'VRSMXA97P30Z126X'),
    ('Grande Prêmio de São Paulo', 'PRZSRG90A26Z514G'),
    ('Grande Prêmio de São Paulo', 'LCLCRL97R16Z123N'),
    ('Grande Prêmio de São Paulo', 'SNZCLS94P01Z131Y'),
    ('Grande Prêmio de São Paulo', 'RCCDNL89L01Z700U'),
    ('Grande Prêmio de São Paulo', 'NRRLND99S13Z114I'),
    ('Grande Prêmio de São Paulo', 'LNSFNN81L29Z131M'),
    ('Grande Prêmio de São Paulo', 'CNOSBN96P17Z110F'),
    ('Grande Prêmio de São Paulo', 'GSLPRR96B07Z110S'),
    ('Grande Prêmio de São Paulo', 'TSNYKU00E11Z219F'),
    ('Grande Prêmio de São Paulo', 'STRLNC98R29Z401K'),
    ('Grande Prêmio de São Paulo', 'VTTSST87L03Z110A'),
    ('Grande Prêmio de São Paulo', 'LBNLND96C23Z241E'),
    ('Grande Prêmio de São Paulo', 'LTFNHL95H29Z401V'),
    ('Grande Prêmio de São Paulo', 'BTTVTT89M28Z109S'),
    ('Grande Prêmio de São Paulo', 'ZHOGNY99E30Z210K'),
    ('Grande Prêmio de São Paulo', 'MGNKVN92R05Z107H'),
    ('Grande Prêmio de São Paulo', 'SCHMCK99C22Z110X'),
    ('Abu Dhabi Grand Prix', 'RSSGRG98B15Z114G'),
    ('Abu Dhabi Grand Prix', 'HMLLWS85A07Z114F'),
    ('Abu Dhabi Grand Prix', 'VRSMXA97P30Z126X'),
    ('Abu Dhabi Grand Prix', 'PRZSRG90A26Z514G'),
    ('Abu Dhabi Grand Prix', 'LCLCRL97R16Z123N'),
    ('Abu Dhabi Grand Prix', 'SNZCLS94P01Z131Y'),
    ('Abu Dhabi Grand Prix', 'RCCDNL89L01Z700U'),
    ('Abu Dhabi Grand Prix', 'NRRLND99S13Z114I'),
    ('Abu Dhabi Grand Prix', 'LNSFNN81L29Z131M'),
    ('Abu Dhabi Grand Prix', 'CNOSBN96P17Z110F'),
    ('Abu Dhabi Grand Prix', 'GSLPRR96B07Z110S'),
    ('Abu Dhabi Grand Prix', 'TSNYKU00E11Z219F'),
    ('Abu Dhabi Grand Prix', 'STRLNC98R29Z401K'),
    ('Abu Dhabi Grand Prix', 'VTTSST87L03Z110A'),
    ('Abu Dhabi Grand Prix', 'LBNLND96C23Z241E'),
    ('Abu Dhabi Grand Prix', 'LTFNHL95H29Z401V'),
    ('Abu Dhabi Grand Prix', 'BTTVTT89M28Z109S'),
    ('Abu Dhabi Grand Prix', 'ZHOGNY99E30Z210K'),
    ('Abu Dhabi Grand Prix', 'MGNKVN92R05Z107H'),
    ('Abu Dhabi Grand Prix', 'SCHMCK99C22Z110X');

INSERT INTO Investe (scuderia, sponsor) VALUES 
    ('Ferrari', 'Nike'),
    ('Ferrari', 'Pirelli'),
    ('Red Bull', 'Pirelli'),
    ('Mercedes', 'Rolex'),
    ('McLaren', 'Coca Cola'),
    ('Alpine', 'Save the Children'),
    ('AlphaTauri', 'Acer'),
    ('AlphaTauri', 'Pirelli'),
    ('Aston Martin', 'Nike'),
    ('Williams', 'Coca Cola'),
    ('Alfa Romeo', 'Nike'),
    ('Alfa Romeo', 'Pirelli'),
    ('Haas', 'Acer');

INSERT INTO Giro (id, numero, tempo, gara, pilota) VALUES 
    (0, 1, 120000, 'Azerbaijan Grand Prix', 'SNZCLS94P01Z131Y'),
    (1, 2, 90000, 'Azerbaijan Grand Prix', 'SNZCLS94P01Z131Y'),
    (2, 3, 150000, 'Azerbaijan Grand Prix', 'SNZCLS94P01Z131Y'),
    (3, 4, 180000, 'Azerbaijan Grand Prix', 'SNZCLS94P01Z131Y'),
    (4, 5, 70000, 'Azerbaijan Grand Prix', 'SNZCLS94P01Z131Y'),
    (5, 1, 120000, 'Azerbaijan Grand Prix', 'HMLLWS85A07Z114F'),
    (6, 2, 150000, 'Azerbaijan Grand Prix', 'HMLLWS85A07Z114F'),
    (7, 3, 180000, 'Azerbaijan Grand Prix', 'HMLLWS85A07Z114F'),
    (8, 4, 200000, 'Azerbaijan Grand Prix', 'HMLLWS85A07Z114F');

INSERT INTO Pitstop (giro, tempo_operazione, tempo_totale) VALUES 
    (8, 2500, 21000),
    (7, 2500, 20000);

INSERT INTO Opera (pitstop, meccanico) VALUES 
    (8, '253-47-3122'),
    (7, '253-47-3122'),
    (7, '253-47-3123');

INSERT INTO Infrazione (nome, descrizione) VALUES 
    ('Taglio di curva', 'Quando un pilota taglia la curva'),
    ('Eccessiva velocità in pit lane', 'Quando un pilota guida con velocità eccessiva nella pit lane'),
    ('Eccessiva velocità durante safety car', 'Quando un pilota guida con velocità eccessiva durante il regime di safety car');

INSERT INTO Penalizza (id, giro, infrazione, penalita) VALUES 
    (NULL, 4, 'Taglio di curva', 2000),
    (NULL, 4, 'Taglio di curva', 3000);

INSERT INTO Contratto (numero, data_inizio, data_fine, numero_pilota, pilota, scuderia, veicolo) VALUES 
    (NULL, '2022-01-01', '2023-12-31', 63, 'RSSGRG98B15Z114G', 'Mercedes',     1),
    (NULL, '2010-01-01', '2023-12-31', 44, 'HMLLWS85A07Z114F', 'Mercedes',     0),
    (NULL, '2016-01-01', '2028-12-31', 1, 'VRSMXA97P30Z126X', 'Red Bull',      2),
    (NULL, '2021-01-01', '2023-12-31', 11, 'PRZSRG90A26Z514G', 'Red Bull',     3),
    (NULL, '2019-01-01', '2024-12-31', 16, 'LCLCRL97R16Z123N', 'Ferrari',      4),
    (NULL, '2021-01-01', '2024-12-31', 55, 'SNZCLS94P01Z131Y', 'Ferrari',      5),
    (NULL, '2021-01-01', '2022-12-31', 3, 'RCCDNL89L01Z700U', 'McLaren',       7),
    (NULL, '2019-01-01', '2025-12-31', 4, 'NRRLND99S13Z114I', 'McLaren',       6),
    (NULL, '2021-01-01', '2022-12-31', 14, 'LNSFNN81L29Z131M', 'Alpine',       8),
    (NULL, '2021-01-01', '2024-12-31', 31, 'CNOSBN96P17Z110F', 'Alpine',       9),
    (NULL, '2020-01-01', '2022-12-31', 10, 'GSLPRR96B07Z110S', 'AlphaTauri',   10),
    (NULL, '2021-01-01', '2022-12-31', 22, 'TSNYKU00E11Z219F', 'AlphaTauri',   11),
    (NULL, '2021-01-01', '2028-12-31', 18, 'STRLNC98R29Z401K', 'Aston Martin', 13),
    (NULL, '2021-01-01', '2022-12-31', 5, 'VTTSST87L03Z110A', 'Aston Martin',  12),
    (NULL, '2022-01-01', '2023-12-31', 23, 'LBNLND96C23Z241E', 'Williams',     14),
    (NULL, '2020-01-01', '2022-12-31', 6, 'LTFNHL95H29Z401V', 'Williams',      15),
    (NULL, '2022-01-01', '2024-12-31', 77, 'BTTVTT89M28Z109S', 'Alfa Romeo',   16),
    (NULL, '2022-01-01', '2024-12-31', 24, 'ZHOGNY99E30Z210K', 'Alfa Romeo',   17),
    (NULL, '2022-01-01', '2023-12-31', 20, 'MGNKVN92R05Z107H', 'Haas',         18),
    (NULL, '2021-01-01', '2022-12-31', 47, 'SCHMCK99C22Z110X', 'Haas',         19);
